ID,Spital_Klinik,Adresse,PLZ_Ort,Akut_Ambulant,Stationär_Reha,Psychiatrie,Intensivstation,Betten_stationär,Operationssäle,Gebärsäle,x,y,EGID,Kanton,BFS,Gemeinde,lat,lon
1,"aarReha Schinznach Rehabilitation, Rheumatologie",Badstrasse 55,5116 Schinznach-Bad,,Ja,,,96.0,,,2654734.442,1256588.57,573194.0,AG,4095,Brugg,47.457804514992525,8.16448310840781
2,"Adullam-Stiftung Basel Adullam-Geriatriespital Adullam Spital, Basel",Mittlere Strasse 15,4056 Basel,Ja,Ja,,,110.0,,,2610614.818,1267729.7659999998,441341.0,BS,2701,Basel,47.560195031008746,7.579659342198307
3,"Adullam-Stiftung Basel Adullam-Geriatriespital Adullam Spital, Riehen",Schützengasse 60,4125 Riehen,Ja,Ja,,,,,,2616304.419,1270568.1979999999,243056031.0,BS,2703,Riehen,47.58560674907529,7.655359909161076
4,Adus Medica AG,Breitestrasse 11,8157 Dielsdorf,Ja,,,,4.0,3.0,,2676320.918,1259148.207,30116.0,ZH,86,Dielsdorf,47.478674486078305,8.451162355144612
5,AndreasKlinik Cham,Rigistrasse 1,6330 Cham,Ja,,,,56.0,4.0,,2677097.43,1226076.252,312782.0,ZG,1702,Cham,47.18114777869597,8.455776583328772
6,Asana Gruppe AG Spital Leuggern,Kommendeweg 12,5316 Leuggern,Ja,,,,37.0,2.0,3.0,2658585.5409999997,1270288.9170000001,628283.0,AG,4313,Leuggern,47.58068556252592,8.217353491297388
7,Asana Gruppe AG Spital Menziken,Spitalstrasse 1,5737 Menziken,Ja,,,,44.0,3.0,2.0,2656831.835,1233073.514,1620362.0,AG,4139,Menziken,47.24613465540389,8.18931402865658
8,Bad Schinznach AG Privat­Klinik Im Park,Badstrasse 50,5116 Schinznach-Bad,,Ja,,,57.0,,,2654890.7830000003,1256632.356,573192.0,AG,4095,Brugg,47.458185290768164,8.166561686739419
9,Berit Klinik AG,Vögelinsegg 5,9042 Speicher,Ja,Ja,,,27.0,2.0,,2750833.9910000004,1253548.145,191655076.0,AR,3023,Speicher,47.41545413163217,9.437500925061599
10,Berner Klinik Montana,Impasse Palace Bellevue 1,3963 Crans-Montana,,Ja,,,106.0,,,2603702.006,1129117.673,945764.0,VS,6253,Crans-Montana,46.3134517836217,7.486702746987773
11,Berner Reha Zentrum AG Heiligenschwendi,Schwendi 303,3625 Heiligenschwendi,,Ja,,,189.0,,,2619502.171,1177644.601,1424003.0,BE,927,Heiligenschwendi,46.749705563686504,7.693861971611465
12,Bethesda Klinik für Epilepsie und Neurorehabilitation,Bethesda 6,3233 Tschugg,,Ja,,,140.0,,,2572146.905,1208339.1090000002,1325622.0,BE,501,Tschugg,47.02550551779836,7.072240258844042
13,Bethesda Spital AG,Gellertstrasse 144,4052 Basel,Ja,Ja,,,146.0,5.0,4.0,2613442.239,1266398.9270000001,443997.0,BS,2701,Basel,47.54817433675965,7.617186795012524
14,Bindersgartenklinik AG Nachbehandlungsklinik,Im Bindersgarten 3,8274 Tägerwilen,,Ja,,,,,,2727477.6969999997,1279479.852,2344184.0,TG,4696,Tägerwilen,47.65356120129956,9.135516953676253
15,Cardiocentro Ticino (CCT),Via Tesserete 48,6900 Lugano,Ja,,,Ja,30.0,2.0,,2717325.7,1097467.81,400011032.0,TI,5192,Lugano,46.01856754008027,8.953636022324986
16,Casa Maternità e Nascita Lediecilune,Via Guglielmo Canevascini 4,6900 Lugano,,,,,,,,2716147.87,1096420.21,11141830.0,TI,5192,Lugano,46.00934918337496,8.938172238480538
17,Center da Sanda Val Müstair Akutabteilung,Sielva 122,7536 Sta. Maria Val Müstair,Ja,,,,3.0,,,2829335.068,1166102.68,1199240.0,GR,3847,Val Müstair,46.60679577744702,10.43274751643344
18,Centre de psychiatrie du Nord vaudois,Avenue des Sports 12b,1400 Yverdon-les-Bains,,,Ja,,,,,2539603.785,1181509.848,280000516.0,VD,5938,Yverdon-les-Bains,46.78201169747987,6.647740579152595
19,"Centre médico-psychologique, Delémont",Faubourg des Capucins 20,2800 Delémont,,,Ja,,,,,2592511.495,1246269.239,2012675.0,JU,6711,Delémont,47.36722029501574,7.339486566336616
20,Cereneo AG Neurorehabilitationsklinik,Seestrasse 18,6354 Vitznau,,Ja,,,,,,2679029.788,1207643.227,218552.0,LU,1068,Vitznau,47.01513092755067,8.47804646987675
21,CHUV Centre Hospitalier Universitaire Vaudois,Rue du Bugnon 21,1005 Lausanne,Ja,Ja,,Ja,1296.0,27.0,6.0,2538692.325,1152923.1840000001,2120111.0,VD,5586,Lausanne,46.52479000024441,6.639625095963497
22,"CHUV Clinique psychiatrique universitaire, Site de Cery",Route de Cery,1008 Prilly,,,Ja,,,,,2536279.0,1155326.0,,VD,5589,Prilly,46.54617768410935,6.607842658535595
23,CHUV Hôpital de l'Enfance de Lausanne,Chemin de Montétan 16,1004 Lausanne,Ja,Ja,,,,,,2536777.774,1153491.9440000001,887762.0,VD,5586,Lausanne,46.52972758997717,6.614596820628789
24,"CIC Groupe Santé SA, Riviera",Rue du Grammont 2,1815 Clarens,Ja,,,,8.0,2.0,,2557994.435,1143442.672,835182.0,VD,5886,Montreux,46.441002161012605,6.892039777485766
25,"CIC Groupe Santé SA, Valais, Saxon",Route du Léman 25,1907 Saxon,Ja,,,,,,,2578856.0,1110351.0,191351491.0,VS,6141,Saxon,46.14431002767016,7.165007703139518
26,Clienia Bergheim AG,Holländerstrasse 80,8707 Uetikon am See,,,Ja,,,,,2694184.482,1236448.902,79341.0,ZH,159,Uetikon am See,47.2722213914023,8.683342761320434
27,Clienia Littenheid AG Klinik für Psychiatrie und Psychotherapie,Hauptstrasse 130,9573 Littenheid,,,Ja,,,,,2718446.825,1255631.111,400072539.0,TG,4761,Sirnach,47.44080979717341,9.008984022562197
28,Clienia Schlössli AG,Schlösslistrasse 8,8618 Oetwil am See,,,Ja,,,,,2696955.768,1236149.821,2297935.0,ZH,157,Oetwil am See,47.26913044068672,8.71989634354465
29,Clinic Bad Ragaz,Hans-Albrecht-Strasse 6,7310 Bad Ragaz,,Ja,,,,,,2757069.71,1207481.587,160016772.0,SG,3291,Bad Ragaz,46.99978784789612,9.504030312498271
30,Clinica Ars Medica SA,Via Grumo 16,6929 Gravesano,Ja,,,,70.0,5.0,,2714985.2539999997,1099790.951,11100436.0,TI,5187,Gravesano,46.039864109545306,8.923989794572572
31,Clinica fondazione G. Varini,Via Consiglio Mezzano 38,6644 Orselina,Ja,,,,48.0,,,2705112.37,1114933.17,11169576.0,TI,5121,Orselina,46.1776655414691,8.79987526515758
32,Clinica Hildebrand Centro di riabilitazione Brissago,Via Crodolo 18,6614 Brissago,,Ja,,,105.0,,,2698601.955,1108843.982,11119322.0,TI,5097,Brissago,46.12388167218247,8.71429708222641
33,Clinica Holistica Engiadina SA,Plaz 40,7542 Susch,,,Ja,,,,,2801732.1339999996,1180959.17,1188685.0,GR,3746,Zernez,46.749267928108765,10.079190238830616
34,Clinica Luganese SA Sede Moncucco,Via Moncucco 10,6900 Lugano,Ja,,,Ja,104.0,5.0,,2716300.182,1095967.8909999998,11140414.0,TI,5192,Lugano,46.00525490016691,8.940026428359493
35,Clinica Luganese SA Sede San Rocco,Via Soldino 30,6900 Lugano,Ja,,,,80.0,,,2716131.19,1096170.93,190453952.0,TI,5192,Lugano,46.00711006969654,8.937895442112504
36,Clinica psichiatrica cantonale,Via Agostino Maspoli 6,6850 Mendrisio,,,Ja,,,,,2719628.05,1079892.96,191461931.0,TI,5254,Mendrisio,45.860101477876015,8.978902469584687
37,Clinica Santa Chiara SA,Via Stefano Franscini 4,6600 Locarno,Ja,,,,100.0,4.0,2.0,2705152.0930000003,1113749.133,714863.0,TI,5113,Locarno,46.167009833550374,8.80012350964311
38,Clinica Santa Croce SA,Via al Parco 27,6644 Orselina,,,Ja,,15.0,,,2704949.8,1115035.2,11128305.0,TI,5121,Orselina,46.178608577500505,8.797793253487704
39,Clinica Viarnetto,Via Ceresio 34,6963 Pregassona,,,Ja,,,,,2718220.25,1097642.918,11148613.0,TI,5192,Lugano,46.01998643110018,8.965228163466483
40,Clinique Belmont,Clos-Belmont 8,1207 Genève,,,Ja,,,,,2501761.744,1117288.314,295090028.0,GE,6621,Genève,46.199865580773285,6.16592671540522
41,Clinique Bois-Bougy,Avenue de Bois-Bougy 5,1260 Nyon,,Ja,,,,,,2506952.4790000003,1136748.1090000002,280080467.0,VD,5724,Nyon,46.37563628348244,6.229272396639554
42,Clinique Bois­Cerf SA,Avenue d'Ouchy 31,1006 Lausanne,Ja,,,,68.0,5.0,,2537984.503,1151516.55,887710.0,VD,5586,Lausanne,46.51207181692865,6.630589951840209
43,Clinique Bon-Port Biotonus,Rue de Bon-Port 27,1820 Territet,,Ja,,,,,,2560112.331,1142132.189,836532.0,VD,5886,Montreux,46.42934351604834,6.919711354584528
44,Clinique Cecil SA,Avenue Louis-Ruchonnet 53,1003 Lausanne,Ja,,,Ja,86.0,6.0,,2537331.267,1152438.595,2119511.0,VD,5586,Lausanne,46.520304763057844,6.621953737233171
45,Clinique Chirurgicale & Permanence de Longeraie SA,Avenue de la Gare 9,1003 Lausanne,Ja,,,,15.0,3.0,,2538415.19,1151934.368,884574.0,VD,5586,Lausanne,46.51586998135899,6.636145541489171
46,Clinique de Carouge,Avenue Cardinal-MERMILLOD 1,1227 Carouge (GE),Ja,,,,14.0,1.0,,2499928.902,1115853.737,1003337.0,GE,6608,Carouge (GE),46.18669213870431,6.142493193417832
47,Clinique de Genolier,Route du Muids 3,1272 Genolier,Ja,,,,78.0,4.0,,2506083.624,1144481.674,810212.0,VD,5718,Genolier,46.44507491954828,6.216413375654065
48,Clinique de Joli­Mont,Avenue TREMBLEY 45,1209 Genève,Ja,Ja,,,99.0,,,2498075.675,1119718.916,1015245.0,GE,6621,Genève,46.221178455098915,6.1176500391389155
49,Clinique de la Plaine,Rue Charles-HUMBERT 5,1205 Genève,Ja,,,,6.0,3.0,,2499637.161,1117349.189,1013036.0,GE,6621,Genève,46.20009928721883,6.1383937161586655
50,Clinique de La Source,Avenue Alexandre-Vinet 30,1004 Lausanne,Ja,,,Ja,96.0,7.0,1.0,2537801.08,1153217.447,887753.0,VD,5586,Lausanne,46.52735453522878,6.627970741014571
51,Clinique de Montchoisi,Chemin des Allinges 10,1006 Lausanne,Ja,,,,13.0,4.0,,2538369.772,1151263.963,2119864.0,VD,5586,Lausanne,46.509835413495054,6.635643328180613
52,Clinique de Valère SA Clinique Générale,Rue du Pré-Fleuri 16,1950 Sion,Ja,,,,40.0,4.0,,2593693.0,1119887.0,954732.0,VS,6266,Sion,46.23039579887409,7.35689282199797
53,Clinique des Grangettes,Chemin des Grangettes 7,1224 Chêne­Bougeries,Ja,,,,95.0,4.0,,2503002.931,1117277.871,1004917.0,GE,6612,Chêne-Bougeries,46.199951885531306,6.182006235049281
54,Clinique du Grand-Salève,Avenue du Grand-Salève 2,1255 Veyrier,,,Ja,,,,,2502995.623,1113677.568,295512790.0,GE,6645,Veyrier,46.16756814679789,6.182659311819982
55,Clinique Générale - Ste­Anne SA,Rue Hans-Geiler 6,1700 Fribourg,Ja,,,,46.0,4.0,,2578307.307,1183215.0890000002,1523336.0,FR,2196,Fribourg,46.799741826029795,7.154477645555469
56,Clinique Générale-Beaulieu,Chemin de Beau-Soleil 20,1206 Genève,Ja,,,,132.0,7.0,4.0,2501401.9790000003,1116036.877,2038967.0,GE,6621,Genève,46.188556986247406,6.161530900633916
57,Clinique la Colline,Avenue de Beau-Séjour 6,1206 Genève,Ja,,,,67.0,6.0,,2500517.159,1116347.197,1012222.0,GE,6621,Genève,46.19121779191218,6.150005991672108
58,Clinique la Lignière,La Lignière 5,1196 Gland,,Ja,Ja,,93.0,,,2511623.935,1142310.8490000002,9029315.0,VD,5721,Gland,46.426303683446804,6.288918942383115
59,Clinique la Métairie SA,Avenue de Bois-Bougy 8,1260 Nyon,,,Ja,,145.0,,,2506896.458,1136515.15,812255.0,VD,5724,Nyon,46.37353313784423,6.228591152214894
60,Clinique la Prairie SA,Rue du Lac 142b,1815 Clarens,Ja,,,,41.0,2.0,,2557446.693,1143656.054,9031127.0,VD,5886,Montreux,46.44288698149514,6.884892821854868
61,Clinique le Noirmont,Chemin de Roc-Montès 20,2340 Le Noirmont,,Ja,,,68.0,,,2563703.435,1231193.883,2017384.0,JU,6754,Le Noirmont,47.23066717675134,6.959332362097288
62,Clinique Miremont,Avenue Rollier 21,1854 Leysin,,Ja,,,56.0,,,2566898.977,1132360.216,851837.0,VD,5407,Leysin,46.34181027409723,7.008700925045163
63,Clinique Montbrillant,Rue de la Montagne 2,2300 La Chaux-de-Fonds,Ja,Ja,,,22.0,3.0,,2552949.903,1217364.739,191709271.0,NE,6421,La Chaux-de-Fonds,47.105601149420224,6.818783500541066
64,Clinique romande de réadaptation SuvaCare (CRR),Avenue du Grand-Champsec 90,1950 Sion,,Ja,,,110.0,,,2596146.0,1120502.0,3113141.0,VS,6266,Sion,46.235946887936706,7.3886837274784005
65,Clinique Valmont,Route de Valmont 22,1823 Glion,,Ja,,,53.0,,,2560975.279,1141780.548,836862.0,VD,5886,Montreux,46.42623127072029,6.930967486555063
66,Clinique Volta SA,Rue Numa-Droz 185,2300 La Chaux-de-Fonds,Ja,Ja,,,,,,2552610.242,1216273.291,1470737.0,NE,6421,La Chaux-de-Fonds,47.095759713234,6.8144235872044385
67,"CNP Centre Neuchâtelois de psychiatrie, Site de Perreux",Hôpital 48,2017 Boudry,,,Ja,,,,,2552772.0,1199834.0,11514834.0,NE,6404,Boudry,46.94790371003546,6.818270040194356
68,"CNP Centre Neuchâtelois de psychiatrie, Site de Préfargier",Préfargier 6,2074 Marin-Epagnier,,,Ja,,,,,2567305.143,1206249.132,1478331.0,NE,6461,La Tène,47.00648458366089,7.008702049802067
69,EHC Ensemble hospitalier de la Côte - Aubonne,Rue de Trévelin 67,1170 Aubonne,,Ja,,,,,,2519392.15,1149484.8429999999,858091.0,VD,5422,Aubonne,46.49181294637436,6.388715533747795
70,EHC Ensemble hospitalier de la Côte - Gilly,Route du Pavillon 12,1182 Gilly,,Ja,,,,,,2512962.486,1147173.32,828655.0,VD,5857,Gilly,46.470215451555404,6.305415274883297
71,EHC Ensemble hospitalier de la Côte - Morges,Chemin du Crêt 2,1110 Morges,Ja,,,Ja,242.0,6.0,,2527965.0,1152764.0,798903.0,VD,5642,Morges,46.52228754236875,6.499854520273228
72,EOC - Clinica di Riabilitazione di Novaggio,Via Dr. Erich Schwarz 6,6986 Novaggio,,Ja,,,,,,2709414.143,1096381.985,11101872.0,TI,5207,Novaggio,46.0101296438882,8.851246981607606
73,EOC - Istituto oncologoco della svizzera italiana - IOSI,Via Athos Gallino,6500 Bellinzona,Ja,,,,,,,2722582.5,1115831.4,,TI,5002,Bellinzona,46.18279071761366,9.026295903092342
74,EOC - Ospedale di Zona di Acquarossa,Via Lucomagno 139,6722 Corzoneso,Ja,,,,,,,2715296.26,1145689.9,11100051.0,TI,5048,Acquarossa,46.45262492711778,8.93934699907848
75,EOC - Ospedale di Zona di Faido,Via Ospedale 32,6760 Faido,Ja,Ja,,,,,,2704957.295,1148337.639,11178921.0,TI,5072,Faido,46.47813857853057,8.80540288008115
76,EOC - Ospedale Regionale di Bellinzona-San Giovanni,Via Athos Gallino 12,6500 Bellinzona,Ja,,,Ja,,,,2722575.459,1115982.123,11106605.0,TI,5002,Bellinzona,46.184147565837556,9.026244236663908
77,EOC - Ospedale Regionale di Locarno-La Carita,Via dell'Ospedale 1,6600 Locarno,Ja,,,Ja,,,,2704467.0739999996,1113950.136,716403.0,TI,5113,Locarno,46.168924290254346,8.79130070918119
78,EOC - Ospedale Regionale di Lugano-Civico,Via Tesserete 46,6900 Lugano,Ja,,,Ja,,,,2717264.49,1097408.28,738456.0,TI,5192,Lugano,46.018042769324,8.952830996895843
79,EOC - Ospedale Regionale di Lugano-Italiano,Via Pietro Capelli 9,6962 Viganello,Ja,,,,,,,2717866.66,1096519.59,755355.0,TI,5192,Lugano,46.009945262334526,8.960382031572735
80,EOC - Ospedale Regionale di Mendrisio-Beata Vergine,Via Alfonso Turconi 23,6850 Mendrisio,Ja,,,Ja,,,,2719868.86,1080694.81,274003273.0,TI,5254,Mendrisio,45.86727039123489,8.982205321189815
81,Ergolz­Klinik,Hammerstrasse 35,4410 Liestal,Ja,Ja,,,21.0,2.0,,2621570.517,1261004.52,2356334.0,BL,2829,Liestal,47.49944238128087,7.72490033198151
82,Etablissements Hospitaliers du Nord Vaudois (eHnv) - Chamblon,Rue de l'Hôpital 3,1436 Chamblon,,Ja,,,,,,2536665.877,1181249.673,841818.0,VD,5904,Chamblon,46.77939806495398,6.609307249785445
83,Etablissements Hospitaliers du Nord Vaudois (eHnv) - La Vallée,Rue de l'Hôpital 3,1347 Le Sentier,Ja,,,,,,,2506727.915,1161895.408,830779.0,VD,5872,Le Chenit,46.601793137320094,6.22127565651929
84,Etablissements Hospitaliers du Nord Vaudois (eHnv) - Orbe,Chemin de la Magnenette 2,1350 Orbe,,Ja,,,,,,2530801.365,1175760.8909999998,818875.0,VD,5757,Orbe,46.72944294898172,6.533351696583491
85,Etablissements Hospitaliers du Nord Vaudois (eHnv) - St. Loup,St-Loup 1,1318 Pompaples,Ja,,Ja,,,,,2528427.394,1168770.11,865819.0,VD,5497,Pompaples,46.666310923877305,6.503389342244696
86,Etablissements Hospitaliers du Nord Vaudois (eHnv) - Yverdon,Rue d'Entremonts 11,1400 Yverdon-les-Bains,Ja,,,Ja,324.0,9.0,,2539487.981,1180360.899,9029124.0,VD,5938,Yverdon-les-Bains,46.771666434368306,6.646376427086365
87,Eulachklinik AG,Brunngasse 6,8400 Winterthur,Ja,,,,,2.0,,2696939.432,1262396.502,201010169.0,ZH,230,Winterthur,47.50516945781848,8.725368143475862
88,Felix Platter­Spital,Burgfelderstrasse 101,4055 Basel,,Ja,,,280.0,,,2609544.034,1268341.7040000001,243057635.0,BS,2701,Basel,47.56571494077583,7.565445033984778
89,Flury Stiftung Spital Schiers,Tersierstrasse 7,7220 Schiers,Ja,,,,25.0,2.0,2.0,2771016.4760000003,1204667.504,1215719.0,GR,3962,Schiers,46.97103607278346,9.686267981828546
90,Fondation de l'Hôpital de la Providence,Faubourg de l'Hôpital 81,2000 Neuchâtel,Ja,,,,41.0,4.0,,2561985.122,1205016.89,1480769.0,NE,6458,Neuchâtel,46.99511634340273,6.9388503316849475
91,Fondation Rive-Neuve,Chemin des Cuarroz 57,1807 Blonay,,Ja,,,20.0,,,2557225.5319999997,1146006.711,280074885.0,VD,5881,Blonay,46.464017948358276,6.881797315519244
92,Forel Klinik,Islikonerstrasse 5,8548 Ellikon an der Thur,,,Ja,,,,,2704395.204,1268646.534,2316398.0,ZH,218,Ellikon an der Thur,47.56023016226742,8.825780574540472
93,Geburtshaus Ambra,Unterdorfstrasse 25,4443 Wittinsburg,Ja,Ja,,,3.0,,,2630403.3819999998,1252641.346,245046867.0,BL,2867,Wittinsburg,47.423876396716224,7.8415567725804
94,Geburtshaus Basel,Schweizergasse 8,4054 Basel,Ja,Ja,,,1.0,,,2610577.8030000003,1266511.414,447641.0,BS,2701,Basel,47.5492381203969,7.5791387150571
95,"Geburtshaus Delphys, Zürich",Badenerstrasse 177,8003 Zürich,Ja,Ja,,,3.0,,,2681665.2,1247653.3,,ZH,261,Zürich,47.374655994605796,8.519954207979383
96,Geburtshaus Luna Bern,Oberdorfstrasse 56,3072 Ostermundigen,Ja,Ja,,,4.0,,,2603953.674,1200367.123,1289740.0,BE,363,Ostermundigen,46.95437375673232,7.490571487708032
97,Geburtshaus Maternité Alpine,Eggetlistrasse 5,3770 Zweisimmen,Ja,Ja,,,,,1.0,2595039.001,1156572.102,190436631.0,BE,794,Zweisimmen,46.5604120861763,7.373941759040951
98,Geburtshaus Matthea GmbH,Klybeckstrasse 64,4057 Basel,,,,,,,,2611487.159,1268357.564,2083811.0,BS,2701,Basel,47.565826648775605,7.591266148614202
99,Geburtshaus Philina GmbH,Hinderbergstrasse 14,9473 Gams,,,,,,,,2751068.3389999997,1230035.173,1101207.0,SG,3272,Gams,47.2039836279778,9.432686301496561
100,Geburtshaus Schaffhausen,Beckengässchen 11,8200 Schaffhausen,,,,,,,,2689446.807,1283675.688,1610480.0,SH,2939,Schaffhausen,47.69758537461132,8.630218301468812
101,Geburtshaus St.Gallen,Lindenstrasse 71,9000 St.Gallen,,,,,,,,2747448.328,1255422.6979999999,191771100.0,SG,3203,St. Gallen,47.43307595631648,9.393271260337418
102,Geburtshaus Stans,Rosenweg 3,6370 Stans,Ja,Ja,,,4.0,,1.0,2670357.235,1201260.251,9081141.0,NW,1509,Stans,46.95869579698257,8.363005875077741
103,Geburtshaus TagMond,Hauptstrasse 26,4133 Pratteln,Ja,Ja,,,1.0,,,2619282.167,1262976.344,423420.0,BL,2831,Pratteln,47.51724752842359,7.694615354358972
104,"Geburtshaus Terra Alta, Oberkirch",Schellenrain 20,6208 Oberkirch,Ja,Ja,,,4.0,,,2650105.997,1223640.938,224891.0,LU,1095,Oberkirch,47.16183883622321,8.099428932222644
105,"Geburtshaus Zürcher Oberland, Bäretswil",Schürlistrasse 3,8344 Bäretswil,Ja,Ja,,,6.0,,,2706473.223,1243340.118,2275294.0,ZH,111,Bäretswil,47.33232633397738,8.847349478327589
106,Geriatrische Klinik St. Gallen,Rorschacher Strasse 92,9000 St. Gallen,,Ja,,,88.0,,,2747037.328,1254903.774,1073715.0,SG,3203,St. Gallen,47.42850212137195,9.387654215905746
107,Gesundheitszentrum Fricktal - Spital Laufenburg,Spitalstrasse 10,5080 Laufenburg,Ja,,,,,,,2647097.24,1268135.187,585246.0,AG,4170,Laufenburg,47.56224062198765,8.064427495178913
108,Gesundheitszentrum Fricktal - Spital Rheinfelden,Riburgerstrasse 12,4310 Rheinfelden,Ja,,,,137.0,6.0,,2627713.499,1267341.822,609606.0,AG,4258,Rheinfelden,47.55620845458104,7.8068211425681735
109,Groupement Hospitalier de l'Ouest Lémanique (GHOL) - Nyon,Chemin Monastier 10,1260 Nyon,Ja,,,Ja,135.0,6.0,,2506806.012,1137615.705,812428.0,VD,5724,Nyon,46.383419572516125,6.227194655852198
110,Groupement Hospitalier de l'Ouest Lémanique (GHOL) - Rolle,Route de l'Hôpital 26,1180 Rolle,Ja,Ja,,,,,,2516092.639,1146468.0829999999,829900.0,VD,5861,Rolle,46.46427201951547,6.34629243149462
111,GZO Spital Wetzikon,Spitalstrasse 66,8620 Wetzikon (ZH),Ja,,,Ja,180.0,5.0,4.0,2703055.2789999996,1242090.305,210218797.0,ZH,121,Wetzikon (ZH),47.32162982473561,8.80184940673108
112,Herz­Neuro­Zentrum Bodensee AG,Weinbergstrasse 1,8280 Kreuzlingen,Ja,,,,28.0,2.0,,2730558.047,1278297.996,664534.0,TG,4671,Kreuzlingen,47.64232848532913,9.176158778045968
113,HFR - Hôpital fribourgeois - Billens,Route de l'Hôpital 1,1681 Billens,,Ja,,,47.0,,,2559021.077,1171632.394,1505906.0,FR,2063,Billens-Hennens,46.6946425225685,6.902887636643204
114,HFR - Hôpital fribourgeois - Freiburg,Chemin des Pensionnats 2,1752 Villars-sur-Glâne,Ja,Ja,,Ja,320.0,,,2576968.286,1183410.748,1532852.0,FR,2228,Villars-sur-Glâne,46.80145669186078,7.136927785313015
115,HFR - Hôpital fribourgeois - Meyriez-Murten,Spitalweg 36,3280 Murten,Ja,Ja,,,,,,2574865.0,1196797.0,,FR,2275,Murten,46.92179261032742,7.108635612292365
116,HFR - Hôpital fribourgeois - Riaz,Rue de l'Hôpital 9,1632 Riaz,Ja,Ja,,,94.0,,,2570997.649,1165654.355,1515853.0,FR,2148,Riaz,46.64149756221273,7.05984225015382
117,HFR - Hôpital fribourgeois - Tafers,Maggenberg 1,1712 Tafers,Ja,Ja,,,65.0,,,2582728.7,1184407.765,3073425.0,FR,2306,Tafers,46.81060028237151,7.2123488165098015
118,Hirslanden Klinik Aarau,Schänisweg 4,5000 Aarau,Ja,,,Ja,155.0,7.0,2.0,2645607.545,1249023.951,523040.0,AG,4001,Aarau,47.39046506079045,8.042680537884626
119,Hirslanden Klinik am Rosenberg,Hasenbühlstrasse 11,9410 Heiden,Ja,,,,62.0,4.0,,2757504.392,1257157.696,2007874.0,AR,3032,Heiden,47.44634488746153,9.527130419824001
120,Hirslanden Klinik Birshof,Reinacherstrasse 28,4142 Münchenstein,Ja,,,,48.0,4.0,,2612528.331,1264115.986,2349924.0,BL,2769,Münchenstein,47.527660101459645,7.604982609738696
121,Hirslanden Klinik Meggen,Huobmattstrasse 9,6045 Meggen,Ja,,,,20.0,3.0,,2671554.293,1211432.965,2061915.0,LU,1063,Meggen,47.050065738274,8.380335247502204
122,Hirslanden Klinik Stephanshorn,Brauerstrasse 95,9016 St. Gallen,Ja,,,Ja,109.0,7.0,4.0,2748812.187,1256816.023,2363069.0,SG,3203,St. Gallen,47.44529660819649,9.411808132704621
123,Hochgebirgsklinik Davos,Herman-Burchard-Strasse 1,7265 Davos Wolfgang,,Ja,,,350.0,,,2784444.765,1189298.935,1200980.0,GR,3851,Davos,46.82926153587988,9.856421827917886
124,Hof Weissbad AG Nachbehandlungszentrum,Im Park 1,9057 Weissbad,,Ja,,,18.0,,,2750795.0810000002,1241780.4070000001,9018180.0,AI,3105,Schwende,47.30965505529165,9.433021579775454
125,Hôpital de la Riviera - Montreux,Avenue de Belmont 25,1820 Montreux,Ja,,,,,,,2559221.5530000003,1143350.12,836015.0,VD,5886,Montreux,46.44024558531199,6.908015441448672
126,Hôpital de la Riviera - Mottex,Chemin de Mottex 25,1807 Blonay,Ja,Ja,,,,,,2557473.821,1145621.372,832697.0,VD,5881,Blonay,46.46056751727132,6.885064945706568
127,Hôpital de la Riviera - Providence,Avenue de la Prairie 3,1800 Vevey,Ja,Ja,,,,,,2555134.5919999997,1145343.9640000002,9031279.0,VD,5890,Vevey,46.45791921401293,6.85464253804424
128,Hôpital de la Riviera - Samaritain,Boulevard Paderewski 3,1800 Vevey,Ja,,,,240.0,11.0,,2555104.969,1145712.868,841174.0,VD,5890,Vevey,46.461235651981774,6.854221107974329
129,Hôpital de la Tour,Avenue Jacob-Daniel MAILLARD 3,1217 Meyrin,Ja,,,Ja,133.0,6.0,4.0,2494207.992,1120696.3059999999,2041165.0,GE,6630,Meyrin,46.22937159706155,6.067311043338106
130,Hôpital de Lavaux,Chemin des Colombaires 31,1096 Cully,,Ja,,,61.0,,,2545220.6319999998,1149090.602,1770293.0,VD,5613,Bourg-en-Lavaux,46.49088236930518,6.725157816761881
131,Hôpital de Prangins,Chemin Oscar Forel 3,1197 Prangins,,,Ja,,,,,2509171.4590000003,1139248.287,280002987.0,VD,5725,Prangins,46.398428876481,6.257618969556124
132,Hôpital du Chablais VS HDC,Route de Morgins 10,1870 Monthey,Ja,,,,199.0,,,2561874.0,1122920.0,925779.0,VS,6153,Monthey,46.25662414116907,6.944208946752876
133,Hôpital du Jura - Delémont,Faubourg des Capucins 30,2800 Delémont,Ja,,,Ja,,,,2592436.265,1246401.496,974149.0,JU,6711,Delémont,47.368408982048365,7.3384883588522705
134,Hôpital du Jura - Porrentruy,Chemin de l'Hôpital 9,2900 Porrentruy,Ja,Ja,Ja,,308.0,9.0,,2571337.461,1252160.223,2022522.0,JU,6800,Porrentruy,47.419620781551764,7.058792954216142
135,Hôpital du Jura - Saignelégier,Rue de l'Hôpital 11,2350 Saignelégier,Ja,,,,,,,2566592.494,1234137.347,978997.0,JU,6757,Saignelégier,47.25729486762857,6.997262170291011
136,Hôpital du Jura bernois SA - Site de Moutier,Rue Beausite 49,2740 Moutier,Ja,,,,,,,2595109.768,1236776.949,1377362.0,BE,700,Moutier,47.281867657262865,7.3739895635416195
137,Hôpital du Jura bernois SA - Site de St.-Imier,Les Fontenayes 17,2610 Saint-Imier,Ja,,,,118.0,4.0,,2565487.765,1222048.426,1319672.0,BE,443,Saint-Imier,47.148503676866206,6.983596205122293
138,Hôpital du Pays d'Enhaut,Route de l'Hôpital 17,1660 Château­d'Oex,Ja,Ja,,,40.0,1.0,,2577138.0,1147446.0,826602.0,VD,5841,Château-d'Oex,46.4779433952809,7.14094547046028
139,Hôpital du Valais - Centre hospitalier du centre du Valais (CHCVs) - Hôpital de Martigny,Avenue de la Fusion 27,1920 Martigny,Ja,Ja,,,,,,2571339.671,1105438.8229999999,2382650.0,VS,6136,Martigny,46.09984408974571,7.068036385384948
140,Hôpital du Valais - Centre hospitalier du centre du Valais (CHCVs) - Hôpital de Sierre,Rue Saint-Charles 14,3960 Sierre,Ja,Ja,,,,,,2606420.742,1126743.603,9014781.0,VS,6248,Sierre,46.29207535820181,7.521964806945532
141,Hôpital du Valais - Centre hospitalier du centre du Valais (CHCVs) - Hôpital de Sion,Avenue du Grand-Champsec 86,1950 Sion,Ja,,,Ja,,,,2596019.0,1120444.0,9080417.0,VS,6266,Sion,46.235424389685754,7.38703787418699
142,Hôpital du Valais - Centre hospitalier du centre du Valais (CHCVs) - Saint-Amé,Vers Saint-Amé 10,1890 St-Maurice,,Ja,Ja,,,,,2566037.403,1118079.7179999999,937299.0,VS,6217,Saint-Maurice,46.2133073359667,6.998553783237642
143,Hôpital du Valais - Centre Valaisan de Pneumologie (CVP),Route de la Moubra 87,3963 Crans Montana,,Ja,,,,,,2603274.0,1127583.0,945179.0,VS,6253,Crans-Montana,46.29964862870625,7.481135837292542
144,Hôpital Intercantonal de la Broye (HIB) Estavayer-le-Lac,Hôpital 1,1470 Estavayer­le­Lac,Ja,Ja,,,61.0,4.0,,2554731.693,1188960.472,1502324.0,FR,2054,Estavayer,46.85023324172483,6.845093507369846
145,Hôpital intercantonal de la Broye (HIB) Payerne,Avenue de la Colline 3,1530 Payerne,Ja,Ja,,Ja,89.0,4.0,,2562401.206,1185423.374,824973.0,VD,5822,Payerne,46.81889535310435,6.945942284818501
146,Hôpital Jules Daler,Route de Bertigny 34,1700 Fribourg,Ja,,,,109.0,5.0,4.0,2577247.333,1183372.169,1525771.0,FR,2196,Fribourg,46.80111929292042,7.140585093481691
147,Hôpital Neuchâtelois HNE - Site de Pourtales,Rue de la Maladière 45,2000 Neuchâtel,Ja,,,Ja,,,,2562290.398,1205139.005,2248570.0,NE,6458,Neuchâtel,46.99623222497583,6.942853513566034
148,Hôpital Neuchâtelois HNE - Site de Val-de-Ruz,Landeyeux 1,2046 Fontaines,,Ja,,,,,,2559526.328,1209194.8059999999,1482689.0,NE,6487,Val-de-Ruz,47.03255029436583,6.906151853419397
149,Hôpital Neuchâtelois HNE - Site du Locle,Route de Bellevue 42,2400 Le Locle,,Ja,,,,,,2547140.044,1212009.081,1474282.0,NE,6436,Le Locle,47.05698992796073,6.7428741898773685
150,Hôpital Neuchâtelois HNE - Site La Chaux-De Fonds,Rue de Chasseral 20,2300 La Chaux-de-Fonds,Ja,,,,,,,2553933.0069999998,1218229.384,1467675.0,NE,6421,La Chaux-de-Fonds,47.113447586844835,6.831646233896281
151,Hôpital Neuchâtelois HNE - Site Val-de-Travers,Rue de l'Hôpital 4,2108 Couvet,,Ja,,,,,,2538424.89,1197477.514,1486868.0,NE,6512,Val-de-Travers,46.92553001654074,6.630145268187556
152,Hôpital Riviera Chablais Haut Valais (HRC),Route du Vieux-Séquoia 20,1847 Rennaz,Ja,,,Ja,,,,2560180.0,1136600.0,,VD,5412,Rennaz,46.37958313705416,6.921067682252931
153,HOSPIZ IM PARK,Stollenrain 12,4144 Arlesheim,Ja,Ja,,,8.0,,,2613175.398,1260144.86,394917.0,BL,2763,Arlesheim,47.49193181886744,7.613457879985946
154,HUG Hôpital des enfants,Rue Willy-DONZE 6,1205 Genève,Ja,,,Ja,,,,2500259.0,1116252.0,,GE,6621,Genève,46.190323308194735,6.146682894393283
155,Inselspital Bern,Freiburgstrasse 18,3010 Bern,Ja,,,Ja,877.0,34.0,,2599018.2290000003,1199606.2040000001,1232800.0,BE,351,Bern,46.94753967481367,7.425736672587393
156,Institution de Lavigny,Route du Vignoble 60,1175 Lavigny,,Ja,,,37.0,,,2521166.307,1150739.256,3127103.0,VD,5637,Lavigny,46.50330774243506,6.411607214090104
157,"Integrierte Psychiatrie Winterthur IPW, KIZ",Wieshofstrasse 102,8408 Winterthur,,,Ja,,,,,2693887.7589999996,1262475.507,1161158.0,ZH,230,Winterthur,47.50632293389629,8.684884732636364
158,Ita Wegman Geburtshaus,Pfeffingerweg 3,4144 Arlesheim,Ja,Ja,,,,2.0,2.0,2613317.1180000002,1260351.422,394939.0,BL,2763,Arlesheim,47.49378677390895,7.615344617569105
159,Kantonales Frauenspital Fontana,Lürlibadstrasse 118,7000 Chur,Ja,Ja,,,,,,2760337.1,1192154.104,1738981.0,GR,3901,Chur,46.86118188884241,9.541572943535733
160,Kantonales Spital Appenzell,Sonnhalde 2a,9050 Appenzell,Ja,,,,18.0,2.0,,2749457.6010000003,1244506.49,1713101.0,AI,3101,Appenzell,47.33447116007004,9.416248531537033
161,Kantonsspital Aarau,Tellstrasse 25,5000 Aarau,Ja,,,Ja,600.0,17.0,,2646940.0,1248830.5,,AG,4001,Aarau,47.388631638980364,8.060307425200378
162,Kantonsspital Baden AG,Im Ergel 1,5404 Baden,Ja,,,Ja,380.0,11.0,6.0,2663342.7090000003,1256244.7,536267.0,AG,4021,Baden,47.45393971677046,8.278584535829294
163,Kantonsspital Bruderholz,Auf dem Bruderholz 1,4101 Bruderholz,Ja,Ja,,Ja,,,,2610761.22,1264173.038,2349020.0,BL,2765,Binningen,47.528204364943456,7.581519013384492
164,Kantonsspital Frauenfeld,Pfaffenholzstrasse 4,8500 Frauenfeld,Ja,,,Ja,,,,2710767.162,1267539.83,2335844.0,TG,4566,Frauenfeld,47.54923443513249,8.910153283519158
165,Kantonsspital Graubünden,Loëstrasse 170,7000 Chur,Ja,,,Ja,350.0,12.0,5.0,2760232.207,1192511.611,1738985.0,GR,3901,Chur,46.86442190272141,9.540323446472053
166,Kantonsspital Laufen,Lochbruggstrasse 39,4242 Laufen,Ja,Ja,,,,,,2604996.833,1252726.255,1366986.0,BL,2787,Laufen,47.42532097295387,7.504847933479848
167,Kantonsspital Liestal,Rheinstrasse 26,4410 Liestal,Ja,,,Ja,,,,2622038.566,1259733.018,2355734.0,BL,2829,Liestal,47.48799119297406,7.731049354422175
168,Kantonsspital Münsterlingen,Spitalcampus 1,8596 Münsterlingen,Ja,,,Ja,306.0,8.0,,2735095.9710000004,1277132.145,191084590.0,TG,4691,Münsterlingen,47.63092666364216,9.23617561525499
169,Kantonsspital Nidwalden,Ennetmooserstrasse 19,6370 Stans,Ja,,,Ja,74.0,4.0,3.0,2669953.242,1201409.7859999998,284623.0,NW,1509,Stans,46.96008347183411,8.357721590390868
170,Kantonsspital Obwalden,Brünigstrasse 181,6060 Sarnen,Ja,,Ja,,65.0,3.0,2.0,2661536.622,1193534.854,275814.0,OW,1407,Sarnen,46.89008371521766,8.246082864974097
171,Kantonsspital St. Gallen,Rorschacher Strasse 95,9000 St. Gallen,Ja,,,Ja,804.0,26.0,6.0,2747045.3260000004,1255050.738,2363797.0,SG,3203,St. Gallen,47.4298217333745,9.38780858264847
172,Kantonsspital St. Gallen - Flawil,Krankenhausstrasse 23,9230 Flawil,Ja,,,,,,,2731761.495,1253374.12,1052588.0,SG,3402,Flawil,47.417983625444734,9.18478756276724
173,Kantonsspital St. Gallen - Rorschach,Heidenerstrasse 11,9400 Rorschach,Ja,,,,,,,2755274.7989999996,1260119.642,1718352.0,SG,3215,Rorschach,47.47350548315024,9.498610917740356
174,Kantonsspital und RehaClinic Glarus,Burgstrasse 99,8750 Glarus,Ja,Ja,Ja,Ja,99.0,4.0,,2723554.0,1211764.0,2389115.0,GL,1632,Glarus,47.04539008485829,9.064623340879852
175,Kantonsspital Uri,Spitalstrasse 1,6460 Altdorf (UR),Ja,,,Ja,76.0,3.0,2.0,2691372.796,1193108.442,236629.0,UR,1201,Altdorf (UR),46.88281788503091,8.63744018849774
176,Kantonsspital Winterthur,Brauerstrasse 15,8400 Winterthur,Ja,,,Ja,481.0,12.0,6.0,2697194.228,1262598.587,201010138.0,ZH,230,Winterthur,47.50694910862429,8.728793724109286
177,Kinderspital Zürich,Steinwiesstrasse 75,8032 Zürich,Ja,,,Ja,189.0,5.0,,2684559.0,1247375.0,,ZH,261,Zürich,47.37178814938091,8.55821333373182
178,Klinik Aadorf AG Klinische Psychotherapie,Fohrenbergstrasse 23,8355 Aadorf,,,Ja,,,,,2710890.693,1260929.2179999999,654265.0,TG,4551,Aadorf,47.48976938308668,8.910146980965623
179,Klinik Adelheid AG,Höhenweg 71,6314 Unterägeri,,Ja,,,93.0,,,2687430.633,1221760.241,318095.0,ZG,1709,Unterägeri,47.14104500689226,8.591247969315294
180,Klinik Arlesheim,Pfeffingerweg 1,4144 Arlesheim,Ja,,Ja,,82.0,,,2613301.98,1260330.655,394938.0,BL,2763,Arlesheim,47.49360030277393,7.6151431155827956
181,Klinik Barmelweid AG,Klinik Barmelweid 2,5017 Barmelweid,,Ja,Ja,,150.0,,,2640175.001,1252426.9209999999,525780.0,AG,4005,Erlinsbach (AG),47.421424690722645,7.971036260796147
182,Klinik Beau Site AG,Schänzlihalde 11,3013 Bern,Ja,,,Ja,111.0,4.0,,2600730.057,1200198.543,1239253.0,BE,351,Bern,46.95286837794625,7.4482228248631515
183,Klinik Beverin Cazis,La Nicca Strasse 17,7408 Cazis,,,Ja,,125.0,,,2752104.0,1177427.8,,GR,3661,Cazis,46.73068992533197,9.428738608625977
184,Klinik Engeried,Riedweg 15,3012 Bern,Ja,,,,76.0,,,2599918.4280000003,1201008.233,1230923.0,BE,351,Bern,46.960151979531865,7.4375605395476825
185,Klinik ESTA,Gstadstrasse 42,4153 Reinach (BL),,,Ja,,14.0,,,2612360.016,1259843.3,411579.0,BL,2773,Reinach (BL),47.489235374064776,7.602629616879514
186,Klinik für Schlafmedizin,Badstrasse 33,5330 Bad Zurzach,,,Ja,,4.0,,,2663874.0919999997,1271488.97,190197208.0,AG,4323,Bad Zurzach,47.59098458611192,8.287817418081417
187,Klinik für Schlafmedizin,Lützelmattstrasse 3,6006 Luzern,,,Ja,,3.0,,,2667585.998,1212385.995,210136.0,LU,1061,Luzern,47.05905408173878,8.328256467306144
188,Klinik für Suchtmedizin KSM Drogenentzug / Übergang / Krisenintervention,Zürcherstrasse 52,5432 Neuenhof,,,Ja,,,,,2666287.6890000002,1256228.48,542401.0,AG,4034,Neuenhof,47.45350380510838,8.317631071481275
189,"Klinik für Suchttherapie, Egliswil",Hutmattenweg 11,5704 Egliswil,,,Ja,,,,,2655791.818,1244587.874,588728.0,AG,4195,Egliswil,47.34978414898915,8.17700781966964
190,"Klinik für Suchttherapie, Niederlenz",Steinlerweg 12,5702 Niederlenz,,,Ja,,,,,2655890.068,1250645.2959999999,594265.0,AG,4204,Niederlenz,47.404255384492956,8.179064148762677
191,Klinik Gais AG Fachklinik für kardiale & psychosomatische Rehabilitation,Gäbrisstrasse 1172,9056 Gais,,Ja,Ja,,120.0,,,2753735.055,1248695.028,496660.0,AR,3022,Gais,47.37114779876257,9.474260574397292
192,Klinik Gut,Via Arona 34,7500 St Moritz,Ja,,,,29.0,4.0,,2784184.188,1152293.8229999999,1193401.0,GR,3787,St. Moritz,46.49661010675766,9.838174531147809
193,Klinik Gut Fläsch,Steigstrasse 12,7306 Fläsch,Ja,,,,,,,2757785.547,1210215.294,191634514.0,GR,3951,Fläsch,47.02419923270608,9.514389841003494
194,Klinik Hirslanden AG,Witellikerstrasse 40,8008 Zürich,Ja,,,Ja,335.0,14.0,3.0,2685958.8710000003,1245117.105,2369667.0,ZH,261,Zürich,47.35130099823451,8.576312090751117
195,Klinik Hohmad AG,Hohmadstrasse 1,3600 Thun,Ja,,,,19.0,3.0,,2614226.972,1177625.467,1433207.0,BE,942,Thun,46.74966645622678,7.624824858433496
196,Klinik im Park,Seestrasse 220,8002 Zürich,Ja,,,Ja,134.0,8.0,2.0,2682579.724,1245208.465,2366772.0,ZH,261,Zürich,47.35255460903924,8.53161100488346
197,"Klinik Lengg AG, Zürcher RehaZentrum Lengg",Bleulerstrasse 60,8008 Zürich,,Ja,,,,,,2685473.9930000002,1244819.66,160073.0,ZH,261,Zürich,47.34868900917917,8.569838757115303
198,Klinik Lindberg,Schickstrasse 11,8400 Winterthur,Ja,,,,72.0,4.0,,2697296.058,1262973.991,201010022.0,ZH,230,Winterthur,47.51030991547909,8.730227210435498
199,Klinik Linde AG,Blumenrain 105,2503 Biel/Bienne,Ja,,,,116.0,7.0,,2586638.07,1220222.0559999999,1758730.0,BE,371,Biel/Bienne,47.132843974145935,7.2625088449204815
200,Klinik Meissenberg AG,Meisenbergstrasse 17,6317 Oberwil b. Zug,,,Ja,,,,,2681633.989,1223072.633,319827.0,ZG,1711,Zug,47.15358904361273,8.515076671376256
201,Klinik Permanence,Bümplizstrasse 83,3018 Bern,Ja,,,,47.0,4.0,,2596460.206,1199286.625,2242485.0,BE,351,Bern,46.94465601064477,7.392138937464578
202,Klinik Pyramide am See AG,Bellerivestrasse 34,8008 Zürich,Ja,,,,25.0,5.0,,2683884.728,1245843.108,2369286.0,ZH,261,Zürich,47.35809744009471,8.5489999716089
203,Klinik Pyramide Schwerzenbach,Bahnstrasse 24,8603 Schwerzenbach,Ja,,,,5.0,2.0,,2691956.06,1249150.336,2311079.0,ZH,197,Schwerzenbach,47.3867632815218,8.656502475327079
204,Klinik Schloss Mammern,Dr. A. O. Fleisch-Strasse 3,8265 Mammern,,Ja,,,125.0,,,2711107.0,1278374.0,677883.0,TG,4826,Mammern,47.646597575940156,8.917379540288522
205,Klinik Schönberg AG,Schönbergstrasse 36,3654 Gunten,,Ja,,,,,,2619950.1569999997,1173721.162,3035854.0,BE,938,Sigriswil,46.714399432330225,7.699554488596314
206,Klinik Seeschau AG,Bernrainstrasse 17,8280 Kreuzlingen,Ja,,,,56.0,5.0,,2729448.124,1278663.364,2337120.0,TG,4671,Kreuzlingen,47.645833730904734,9.16149887654237
207,Klinik Selhofen,Emmentalstrasse 8,3400 Burgdorf,,,Ja,,,,,2614266.108,1211568.98,1305901.0,BE,404,Burgdorf,47.0549946293528,7.626395486339008
208,"Klinik SGM Langenthal Psychosomatik, Psychiatrie, Psychotherapie",Weissensteinstrasse 30,4900 Langenthal,,,Ja,,36.0,,,2625439.296,1229780.1409999998,1260792.0,BE,329,Langenthal,47.21846570975268,7.7744750082327
209,Klinik Sonnenhof AG,Buchserstrasse 30,3006 Bern,Ja,,,,,,,2602694.254,1199066.682,1237680.0,BE,351,Bern,46.94268223483145,7.474019078713888
210,Klinik St. Anna,St.-Anna-Strasse 32,6006 Luzern,Ja,,,Ja,196.0,8.0,,2667432.581,1212299.472,210157.0,LU,1061,Luzern,47.0582914815955,8.32622435234474
211,Klinik Susenberg,Schreberweg 9,8044 Zürich,Ja,Ja,,,34.0,,,2685299.383,1247962.9840000002,154570.0,ZH,261,Zürich,47.376980656374016,8.568126943285302
212,Klinik Tiefenbrunnen,Dammstrasse 29,8702 Zollikon,Ja,,,,,1.0,,2685354.8789999997,1244251.607,2300211.0,ZH,161,Zollikon,47.34359571433308,8.568154341935486
213,Klinik Wysshölzli,Waldrandweg 19,3360 Herzogenbuchsee,,,Ja,,,,,2621001.655,1226021.813,1448197.0,BE,979,Herzogenbuchsee,47.184816499801606,7.7157154483343655
214,Klinik Zugersee,Widenstrasse 55,6317 Oberwil b. Zug,,,Ja,,,,,2681441.609,1222009.916,319686.0,ZG,1711,Zug,47.14405471358284,8.512348490770687
215,Kliniken Valens Rehabilitationszentrum,Taminaplatz 1,7317 Valens,,Ja,,,,,,2755602.171,1204135.209,9014915.0,SG,3294,Pfäfers,46.97004291039527,9.483594773831642
216,"Kliniken Valens, Reha­Klinik Walenstadtberg",Chnoblisbüel 1,8881 Walenstadtberg,,Ja,,,,,,2740010.395,1222688.858,191250411.0,SG,3298,Walenstadt,47.140359182877695,9.284499580034021
217,kneipp­hof Dussnang AG Rehabilitationsklinik,Kurhausstrasse 34,8374 Dussnang,,Ja,,,85.0,,,2715017.827,1254373.462,669156.0,TG,4726,Fischingen,47.43010888913348,8.963210265615011
218,Kreisspital Surses,Stradung 52,7460 Savognin,Ja,,,,7.0,1.0,,2765648.77,1162727.168,9023926.0,GR,3543,Surses,46.59527209762745,9.60057039347165
219,Kurklinik Eden AG orthopädische Rehabilitation & Kuren aller Art,Panoramastrasse 20,3854 Oberried am Brienzersee,,Ja,,,,,,2640195.765,1176505.789,1349708.0,BE,589,Oberried am Brienzersee,46.73853646139317,7.964574411681485
220,Les Hôpitaux Universitaires de Genève HUG,Rue Gabrielle-PERRET-GENTIL 4,1205 Genève,Ja,,Ja,Ja,1794.0,38.0,8.0,2500448.696,1116623.0359999998,1011843.0,GE,6621,Genève,46.19368865842841,6.149060513271976
221,Les Hôpitaux Universitaires de Genève HUG - Clinique de Crans-Montana,Impasse Clairmont 2,3963 Crans-Montana,,Ja,,,65.0,,,2604274.224,1129453.952,945691.0,VS,6253,Crans-Montana,46.316473483164046,7.494134283263619
222,Les Hôpitaux Universitaires de Genève HUG - Hôpital de Beau-Séjour,Avenue de Beau-Séjour 26,1206 Genève,,Ja,,,,,,2500500.946,1116068.653,2039067.0,GE,6621,Genève,46.18871006326048,6.149855366253722
223,Les Hôpitaux Universitaires de Genève HUG - Hôpital de Bellerive,Chemin de la Savonnière 11,1245 Collonge-Bellerive,,Ja,,,,,,2504969.531,1123788.368,1007019.0,GE,6616,Collonge-Bellerive,46.25879141505168,6.2061533044287645
224,Les Hôpitaux Universitaires de Genève HUG - Hôpital de Loëx,Route de Loëx 151,1233 Bernex,,Ja,,,,,,2495538.25,1117191.19,1001744.0,GE,6607,Bernex,46.19805378889574,6.085335887256377
225,Les Hôpitaux Universitaires de Genève HUG - Hôpital des Trois Chêne,Chemin du Pont-Bochet 3,1226 Thônex,,Ja,,,,,,2505599.067,1118223.028,2042654.0,GE,6640,Thônex,46.208822687074594,6.21544361852187
226,Limmatklinik AG,Hardturmstrasse 133,8005 Zürich,Ja,,,,18.0,4.0,,2681149.508,1249692.238,150809.0,ZH,261,Zürich,47.393056661805716,8.513496556715213
227,Lindenhofspital,Bremgartenstrasse 117,3012 Bern,Ja,,Ja,Ja,380.0,19.0,,2599170.519,1200794.013,1231431.0,BE,351,Bern,46.95822444149081,7.427734682430679
228,Luzerner Höhenklinik Montana,Route de l'Astoria 4,3963 Crans-Montana,,Ja,,,64.0,,,2604544.0,1129490.0,,VS,6253,Crans-Montana,46.316796014110594,7.497637039640392
229,Luzerner Kantonsspital - Spital Luzern,Kantonsspital 2,6004 Luzern,Ja,Ja,,Ja,867.0,28.0,,2665192.2169999997,1212196.328,212119.0,LU,1061,Luzern,47.05758785491148,8.296722694202716
230,Luzerner Kantonsspital - Spital Sursee,Spitalstrasse 16a,6210 Sursee,Ja,,,Ja,,,,2651504.9390000002,1224369.567,3084937.0,LU,1103,Sursee,47.16828506333235,8.117960477462224
231,Luzerner Kantonsspital - Spital Wolhusen,Spitalstrasse 50,6110 Wolhusen,Ja,,,Ja,,,,2648275.829,1213038.8290000001,2072448.0,LU,1107,Wolhusen,47.0666133057137,8.074162014825779
232,Luzerner Kinderspital (LUKS),Kantonsspital 33,6004 Luzern,Ja,,,Ja,,,,2665289.0,1212318.0,,LU,1061,Luzern,47.05867270330528,8.298014031993214
233,Luzerner Psychiatrie,Schafmattstrasse 1,4915 St. Urban,,,Ja,,,,,2630605.204,1231084.145,184387.0,LU,1139,Pfaffnau,47.229975919782376,7.842762300026169
234,Maison de naissance Aquila,Route des Tilles 6a,1847 Rennaz,Ja,Ja,,,,,,2560100.0,1136410.0,280100913.0,VD,5412,Rennaz,46.37786924114239,6.920044248978163
235,Maison de Naissance Eden,Chemin de Verdonnet 20,1010 Lausanne,,,,,,,,2539259.728,1153187.086,882166.0,VD,5586,Lausanne,46.52721567193351,6.646984710090097
236,Maison de Naissance Gaïa,Avenue du Grand-Champsec 80,1950 Sion,,,,,,,,2596000.0,1120360.0,953099.0,VS,6266,Sion,46.234668644682515,7.386792304261586
237,Maison de Naissance La Grange Rouge,Rue du Village 5,1274 Grens,Ja,Ja,,,,,,2504062.2709999997,1138843.947,811777.0,VD,5722,Grens,46.394079722052155,6.191279935248365
238,Maison de naissance La Roseraie,Chemin du Châtelet 3,1205 Genève,Ja,Ja,,,3.0,,2.0,2500327.328,1116134.721,1011822.0,GE,6621,Genève,46.1892785895802,6.147592832007332
239,Maison de Naissance le Petit Prince,Route du Petit-Moncor 1d,1752 Villars-sur-Glâne,Ja,Ja,,,3.0,,1.0,2575617.067,1183120.5729999999,191123393.0,FR,2228,Villars-sur-Glâne,46.79879818779501,7.119243018863029
240,Maison de naissance Les Cigognes,Route Principale 21,2824 Vicques,Ja,Ja,,,1.0,,1.0,2597952.512,1244208.412,190158394.0,JU,6730,Val Terbi,47.348724593221235,7.411528548146244
241,Maison de Naissance Les Roseaux,Grand-Rue 3,1820 Montreux,,,,,,,,2559392.391,1142378.544,836155.0,VD,5886,Montreux,46.43151625185197,6.9103237322594495
242,Maison de naissance Lunaissance,Chemin de la Lune 3,1132 Lully VD,Ja,Ja,,,,,,2525422.693,1151288.031,797919.0,VD,5639,Lully (VD),46.50873239645304,6.466964226166583
243,Maison de naissance Tilia - Ghezzi ­Gacond,Chemin des Valangines 9,2000 Neuchâtel,Ja,Ja,,,1.0,,,2559972.276,1204677.9209999999,1479085.0,NE,6458,Neuchâtel,46.99194866226009,6.912418203421361
244,Merian Iselin Klinik,Föhrenstrasse 2,4054 Basel,Ja,,,,130.0,9.0,,2609891.654,1267206.076,450611.0,BS,2701,Basel,47.55549634078031,7.570039184433395
245,Nouvelle Clinique Vert-Pré,Chemin de la Colombe 15,1231 Conches,Ja,,,,16.0,3.0,,2502627.1580000003,1115905.805,1004473.0,GE,6612,Chêne-Bougeries,46.187556610917476,6.177424914546386
246,Oberwaid – Kurhotel & Privatklinik,Rorschacher Strasse 311,9016 St. Gallen,,Ja,,,,,,2749412.1810000003,1257508.327,190942249.0,SG,3203,St. Gallen,47.45138522874897,9.41999221213127
247,Ospedale casa di cura della Bregaglia divisone acute,Flin 1,7606 Promontogno,Ja,,,,3.0,,,2761951.897,1133855.363,1191086.0,GR,3792,Bregaglia,46.33655189386157,9.542242254779172
248,Ospedale Malcantonese Fondazione Giuseppe Rossi,Castelrotto nucleo 30,6980 Castelrotto,Ja,,Ja,,56.0,,,2708526.48,1094345.02,735072.0,TI,5178,Croglio,45.99195232071919,8.839319670734477
249,Ospedale San Sisto Akutabteilung,Via da li Clüsüri 1,7742 Poschiavo,Ja,,,,15.0,1.0,,2801998.455,1133508.748,1175739.0,GR,3561,Poschiavo,46.322582464742226,10.061910434408695
250,Ospidal d'Engiadina Bassa Akutabteilung,Via da l'Ospidal 280,7550 Scuol,Ja,Ja,,,21.0,2.0,,2818679.0,1187184.0,1190408.0,GR,3762,Scuol,46.79987979590331,10.303800350389096
251,Ostschweizer Kinderspital,Claudiusstrasse 6,9000 St. Gallen,Ja,,,Ja,74.0,3.0,,2747517.0,1255062.0,,SG,3203,St. Gallen,47.429817425334704,9.39406206494607
252,Palliativzentrum Hildegard,St. Alban-Ring 151,4052 Basel,,Ja,,,23.0,,,2612945.83,1266642.699,443998.0,BS,2701,Basel,47.550376679590954,7.610599640945215
253,Paracelsus-Spital Richterswil,Bergstrasse 16,8805 Richterswil,Ja,,,,40.0,2.0,,2695531.441,1229278.96,2289299.0,ZH,138,Richterswil,47.207545422082376,8.699618071525023
254,Perlavita AG,Seestrasse 78,8267 Berlingen,,Ja,,,33.0,,,2718669.0919999997,1281645.98,2345540.0,TG,4801,Berlingen,47.67469221878696,9.018876528229958
255,Praxisklinik Rennbahn AG,Kriegackerstrasse 100,4132 Muttenz,Ja,,,,10.0,1.0,,2614696.228,1264982.0420000001,245057003.0,BL,2770,Muttenz,47.5354044985644,7.633797948054158
256,Privatklinik Belair,Rietstrasse 30,8200 Schaffhausen,Ja,,,,28.0,2.0,,2688953.912,1284060.7859999998,2029603.0,SH,2939,Schaffhausen,47.70111538046731,8.623730502383582
257,Privatklinik Bethanien AG,Toblerstrasse 51,8044 Zürich,Ja,,,,96.0,5.0,4.0,2684472.16,1248399.138,3169928.0,ZH,261,Zürich,47.38100970476899,8.557256989239006
258,Privatklinik Hohenegg,Hohenegg 4,8706 Meilen,,,Ja,,70.0,,,2692427.528,1236619.857,2296984.0,ZH,156,Meilen,47.274007200405244,8.660162306040622
259,Privatklinik Meiringen Zentrum für Psychiatrie und Psychotherapie,Reichenbach 9,3860 Schattenhalb,,,Ja,,,,,2657310.0,1174532.0,,BE,786,Schattenhalb,46.71953144417221,8.188246092799718
260,Privatklinik Obach,Leopoldstrasse 5,4500 Solothurn,Ja,,,,34.0,3.0,,2607018.477,1228231.004,1763755.0,SO,2601,Solothurn,47.2049825021896,7.53126156889964
261,Privatklinik Piano,Gottstattstrasse 24,2504 Biel/Bienne,Ja,,,,5.0,1.0,,2586900.72,1221491.682,1757492.0,BE,371,Biel/Bienne,47.14426929744401,7.2659336937997985
262,Privatklinik SALINA Salina Medizin AG,Roberstenstrasse 31,4310 Rheinfelden,,Ja,,,34.0,,,2627122.266,1267561.2079999999,608565.0,AG,4258,Rheinfelden,47.55820616982996,7.7989795349984465
263,Privatklinik Siloah,Worbstrasse 316,3073 Gümligen,Ja,Ja,,,24.0,4.0,,2606023.866,1197883.23,191077630.0,BE,356,Muri bei Bern,46.93201535331236,7.517734907173053
264,Privatklinik Villa im Park,Bernstrasse 84,4852 Rothrist,Ja,Ja,,,32.0,2.0,,2634459.623,1239450.372,619000.0,AG,4282,Rothrist,47.30503545312841,7.894298674793774
265,Privatklinik Wyss AG,Fellenbergstrasse 32,3053 Münchenbuchsee,,,Ja,,,,,2600922.615,1207443.297,1331250.0,BE,546,Münchenbuchsee,47.01803555648974,7.450765947669156
266,Psychiatrie Baselland,Bienentalstrasse 7,4410 Liestal,,,Ja,,,,,2621288.055,1259761.281,422122.0,BL,2829,Liestal,47.48827005198311,7.721092364980639
267,"Psychiatrie St. Gallen Nord, St. Gallen",Teufener Strasse 26,9000 St. Gallen,,,Ja,,,,,2745712.6289999997,1253863.9070000001,400000579.0,SG,3203,St. Gallen,47.41944694210085,9.36976277508248
268,"Psychiatrie St. Gallen Nord, Wil",Zürcherstrasse 30,9500 Wil (SG),,,Ja,,,,,2720475.0,1258641.0,1060955.0,SG,3427,Wil (SG),47.467506954936816,9.036678783238012
269,Psychiatrie-Dienste Süd,Klosterweg 1,7312 Pfäfers,,,Ja,,,,,2756863.0,1206436.0,1111731.0,SG,3294,Pfäfers,46.990434855919396,9.500952049135101
270,Psychiatriezentrum Münsingen,Hunzigenallee 1,3110 Münsingen,,,Ja,,,,,2608735.5330000003,1192153.459,190138290.0,BE,616,Münsingen,46.88044489313908,7.553233942355567
271,Psychiatrische Dienste Aargau AG ­ Psychiatrischer Dienst Königsfelden (PKF),Königsfelderstrasse 1,5210 Windisch,,,Ja,,,,,2658547.059,1259223.976,263013576.0,AG,4123,Windisch,47.48117805827482,8.215386678518986
272,Psychiatrische Dienste Graubünden,Loëstrasse 220,7000 Chur,,,Ja,,,,,2760227.6010000003,1193046.149,1738986.0,GR,3901,Chur,46.86922961746805,9.540450869249511
273,Psychiatrische Dienste Solothurn,Weissensteinstrasse 102,4500 Solothurn,,,Ja,,148.0,,,2606048.0,1229621.0,,SO,2601,Solothurn,47.21749454440918,7.518471153622167
274,Psychiatrische Klinik Sonnenhalde,Gänshaldenweg 22,4125 Riehen,,,Ja,,,,,2616444.068,1270455.055,459970.0,BS,2703,Riehen,47.58458571582291,7.657212115545125
275,Psychiatrische Universitätsklinik Zürich,Lenggstrasse 31,8008 Zürich,,,Ja,,,,,2685516.992,1245264.075,160053.0,ZH,261,Zürich,47.35268022758197,8.570492584255677
276,Regionalspital Einsiedeln,Spitalstrasse 28,8840 Einsiedeln,Ja,,,,83.0,4.0,,2698658.872,1220786.687,9022005.0,SZ,1301,Einsiedeln,47.130710508137994,8.739034246966604
277,Regionalspital Emmental AG - Burgdorf,Oberburgstrasse 54,3400 Burgdorf,Ja,,Ja,Ja,160.0,6.0,,2613888.063,1210826.366,1306238.0,BE,404,Burgdorf,47.04832282921481,7.621397159152653
278,Regionalspital Emmental AG - Langnau,Dorfbergstrasse 10,3550 Langanu,Ja,,,,,,,2626505.1569999997,1199210.165,1761791.0,BE,902,Langnau im Emmental,46.94345164000452,7.786759149364692
279,Regionalspital Surselva,Spitalstrasse 6,7130 Ilanz,Ja,,,,70.0,2.0,,2734915.903,1182159.726,9028040.0,GR,3619,Ilanz/Glion,46.77694531447356,9.205327167985056
280,Reha Chrischona,Hohe Strasse 30,4126 Bettingen,,Ja,,,77.0,,,2618525.9269999997,1268821.228,458800.0,BS,2702,Bettingen,47.56983644083051,7.68481817717652
281,Reha Rheinfelden,Salinenstrasse 98,4310 Rheinfelden,,Ja,,,178.0,,,2627736.727,1267619.736,608795.0,AG,4258,Rheinfelden,47.55870692739182,7.8071470541855845
282,Rehab Basel,Im Burgfelderhof 40,4055 Basel,,Ja,,,85.0,,,2609097.329,1269093.986,243052264.0,BS,2701,Basel,47.572487011709995,7.5595244000465405
283,Rehabilitationszentrum Seewis Klinik für Herz­ & Kreislauferkrankungen,Schlossstrasse 1,7212 Seewis im Prättigau,,Ja,,,66.0,,,2767223.3419999997,1206585.211,1216268.0,GR,3972,Seewis im Prättigau,46.98924595412132,9.637148132942729
284,RehaClinic Baden,Bäderstrasse 16,5400 Baden,,Ja,,,,,,2665837.712,1259049.797,534438.0,AG,4021,Baden,47.47892231480105,8.312080972525642
285,RehaClinic Braunwald,Niederschlachtstrasse 12,8784 Braunwald,,Ja,,,22.0,,,2718474.472,1199487.215,290726.0,GL,1631,Glarus Süd,46.93590829048511,8.994589998295934
286,RehaClinic Kilchberg,Grütstrasse 60,8802 Kilchberg (ZH),,Ja,,,33.0,,,2682971.721,1241602.754,57731.0,ZH,135,Kilchberg (ZH),47.32007750331758,8.536131200749256
287,RehaClinic Sonnmatt Luzern,Sonnmatt 638,6006 Luzern,,Ja,,,,,,2669058.453,1212491.428,210125.0,LU,1061,Luzern,47.05985063083221,8.34765256483485
288,RehaClinic Zurzach,Quellenstrasse 34,5330 Bad Zurzach,,Ja,,,236.0,,,2663907.194,1271375.8159999999,190099638.0,AG,4323,Bad Zurzach,47.589963761869896,8.288241186102235
289,Rehaklinik Bellikon,Mutschellenstrasse 2,5454 Bellikon,,Ja,,,205.0,,,2668336.016,1248950.689,536886.0,AG,4022,Bellikon,47.3878412728003,8.343677704538186
290,Reha­Klinik Haslibergerhof,Laueli 89b,6083 Hasliberg,,Ja,,,,,,2656795.871,1177632.422,1397208.0,BE,783,Hasliberg,46.7474638549746,8.181905682826947
291,Rehaklinik Zihlschlacht AG Neurologisches Rehabilitationszentrum,Hauptstrasse 4,8588 Zihlschlacht-Sitterdorf,,Ja,,,112.0,,,2736906.8039999995,1264475.182,652288.0,TG,4511,Zihlschlacht-Sitterdorf,47.51674948435582,9.256359841757511
292,Reha­Pflegeklinik Eden AG,Schulhausweg 11,3852 Ringgenberg (BE),,Ja,,,7.0,,,2634732.512,1172187.003,1350052.0,BE,590,Ringgenberg (BE),46.69999429806811,7.892765999451192
293,Réseau fribourgeois de santé mentale - RFSM Centre de soins hospitaliers,L'Hôpital 140,1633 Marsens,,,Ja,,,,,2571434.793,1167265.882,1514798.0,FR,2140,Marsens,46.65601282832151,7.065451200757449
294,Réseau Santé Balcon du Jura.vd (RSBJ) Les Rosiers,Rue des Rosiers 29,1450 Sainte-Croix,Ja,Ja,,,18.0,1.0,,2527972.265,1185783.832,101453473.0,VD,5568,Sainte-Croix,46.8192966991143,6.4947637164392855
295,Rheinburg­Klinik,Dorf 113,9428 Walzenhausen,,Ja,,,60.0,,,2763375.9760000003,1257825.039,503257.0,AR,3037,Walzenhausen,47.4509126772302,9.60519289930733
296,Rosenklinik,Güterstrasse 21,8640 Rapperswil,Ja,,,,17.0,2.0,,2704753.392,1231512.888,190988971.0,SG,3340,Rapperswil-Jona,47.22623835604994,8.821841088693425
297,RZL Rehabilitationszentrum Leukerbad AG,Willy-Spühler-Strasse 2,3954 Leukerbad,,Ja,,,29.0,,,2614479.0,1136253.0,914475.0,VS,6111,Leukerbad,46.37749354409596,7.626829966285427
298,Salem Spital,Schänzlistrasse 39,3013 Bern,Ja,,,,168.0,7.0,,2601150.083,1200127.584,1239134.0,BE,351,Bern,46.952229540458596,7.453740352076509
299,Salus Medica Clinic SA Clinica Sant'Anna,Via Sant'Anna 1,6924 Sorengo,Ja,,,,80.0,5.0,,2716231.88,1095386.34,752203.0,TI,5225,Sorengo,46.000036290197315,8.93900132254015
300,Sanatorium Kilchberg,Alte Landstrasse 70,8802 Kilchberg (ZH),,,Ja,,183.0,,,2683485.935,1242333.869,57734.0,ZH,135,Kilchberg (ZH),47.32658790354299,8.543068151461426
301,Schmerzklinik Basel,Hirschgässlein 11,4051 Basel,Ja,Ja,,,,,,2611640.228,1266729.245,440860.0,BS,2701,Basel,47.55117936388029,7.593257759369593
302,Schulthess­Klinik,Lengghalde 2,8008 Zürich,Ja,,,,160.0,12.0,,2685723.635,1245203.12,2381097.0,ZH,261,Zürich,47.35210519598658,8.573215579179832
303,Schützen Rheinfelden AG Klinik & Ambulatorium,Bahnhofstrasse 19,4310 Rheinfelden,,,Ja,,,,,2626628.411,1266969.324,609602.0,AG,4258,Rheinfelden,47.55290315894805,7.792382668143231
304,Schweizer Paraplegiker-Zentrum,Guido A. Zäch Strasse 1,6207 Nottwil,,Ja,,Ja,,,,2652525.201,1221366.361,2068339.0,LU,1094,Nottwil,47.14119270566756,8.131067336947646
305,Schweizerisches Epilepsie-Zentrum,Bleulerstrasse 60,8008 Zürich,Ja,Ja,,,22.0,,,2685473.9930000002,1244819.66,160073.0,ZH,261,Zürich,47.34868900917917,8.569838757115303
306,Secteur Psychiatrique Est Fondation de Nant,Route de Nant,1804 Corsier-sur-Vevey,,,Ja,,71.0,,,2554951.0,1147663.0,,VD,5884,Corsier-sur-Vevey,46.47876743703214,6.8520266529575204
307,Seeklinik Brunnen,Gersauerstrasse 8,6440 Brunnen,Ja,Ja,Ja,,63.0,,,2688691.7860000003,1205665.665,256806.0,SZ,1364,Ingenbohl,46.99612306373703,8.604718783232252
308,See­Spital - Horgen,Asylstrasse 19,8810 Horgen,Ja,,,Ja,210.0,8.0,,2687103.3619999997,1235386.232,55152.0,ZH,295,Horgen,47.26363651564058,8.58956865932958
309,See­Spital - Kilchberg,Grütstrasse 60,8802 Kilchberg,Ja,,,,,,,2682971.721,1241602.754,57731.0,ZH,135,Kilchberg (ZH),47.32007750331758,8.536131200749256
310,Solothurner Spitäler AG - Bürgerspital,Schöngrünstrasse 42,4500 Solothurn,Ja,Ja,Ja,Ja,,6.0,,2607699.6040000003,1227602.831,1766286.0,SO,2601,Solothurn,47.19932477037583,7.540240800021537
311,Solothurner Spitäler AG - Kantonsspital Olten,Baslerstrasse 150,4600 Olten,Ja,,,Ja,,10.0,,2635234.5,1245206.8,,SO,2581,Olten,47.35676914280356,7.904996782103655
312,Solothurner Spitäler AG - Spital Dornach,Spitalweg 11,4143 Dornach,Ja,,,,,,,2613189.848,1259562.453,340866.0,SO,2473,Dornach,47.4866934162548,7.613632471790444
313,Soteria Bern,Bühlstrasse 19a,3012 Bern,,,Ja,,,,,2599260.01,1199899.897,1232290.0,BE,351,Bern,46.95018183478479,7.428912002212455
314,Spital Affoltern,Sonnenbergstrasse 27,8910 Affoltern am Albis,Ja,,Ja,,91.0,2.0,3.0,2677018.182,1237595.547,200294924.0,ZH,2,Affoltern am Albis,47.284759945174685,8.456702596857824
315,Spital Bülach,Spitalstrasse 24,8180 Bülach,Ja,,,Ja,197.0,5.0,,2682446.501,1263994.883,16071.0,ZH,53,Bülach,47.52152135753759,8.533316416235007
316,Spital Davos Akutabteilung,Promenade 4,7270 Davos,Ja,,,,50.0,3.0,,2781383.564,1184587.11,1199561.0,GR,3851,Davos,46.78773788671385,9.814448845212654
317,Spital Lachen,Oberdorfstrasse 41,8853 Lachen (SZ),Ja,,,Ja,88.0,4.0,2.0,2707651.6560000004,1227414.874,251071.0,SZ,1344,Lachen,47.18891818475709,8.859123283684545
318,Spital Limmattal,Urdorferstrasse 100,8952 Schlieren,Ja,,,Ja,314.0,8.0,5.0,2674949.943,1249649.096,210266568.0,ZH,247,Schlieren,47.39340321185882,8.431381659944607
319,Spital Linth,Gasterstrasse 25,8730 Uznach,Ja,,,,100.0,4.0,3.0,2717845.124,1231490.064,1731738.0,SG,3339,Uznach,47.22382748919473,8.994661680785004
320,Spital Männedorf,Asylstrasse 10,8708 Männedorf,Ja,,,Ja,120.0,4.0,,2695235.6410000003,1234122.403,2296386.0,ZH,155,Männedorf,47.251147464987326,8.696739265879648
321,Spital Muri,Spitalstrasse 144,5630 Muri (AG),Ja,,,Ja,145.0,6.0,,2667484.893,1236669.506,602826.0,AG,4236,Muri (AG),47.27747466216397,8.330557954848176
322,Spital Netz Bern AG - Aarberg,Lyssstrasse 31,3270 Aarberg,Ja,,,,72.0,3.0,,2587910.623,1210747.351,1250383.0,BE,301,Aarberg,47.04764451997716,7.279536939328655
323,Spital Netz Bern AG - Belp,Seftigenstrasse 89,3123 Belp,,Ja,,,80.0,,,2604213.1769999997,1193455.4440000001,1409430.0,BE,861,Belp,46.89220017172785,7.493917633562585
324,Spital Netz Bern AG - Münsingen,Krankenhausweg 18,3110 Münsingen,Ja,,,,73.0,3.0,,2609870.608,1191209.5929999999,1359254.0,BE,616,Münsingen,46.87193879332786,7.568104514397148
325,Spital Netz Bern AG - Riggisberg,Eyweg 2,3132 Riggisberg,Ja,Ja,,,65.0,2.0,,2602981.555,1184740.3909999998,1760911.0,BE,879,Riggisberg,46.813812094063884,7.477701025241959
326,Spital Netz Bern AG - Tiefenau,Tiefenaustrasse 112,3004 Bern,Ja,,,Ja,167.0,4.0,,2601064.235,1202674.4109999998,1231369.0,BE,351,Bern,46.975138768644015,7.452618180499394
327,Spital Oberengadin,Via Nouva 3,7503 Samedan,Ja,,,Ja,57.0,3.0,2.0,2787154.935,1157213.317,1192908.0,GR,3786,Samedan,46.540018728855706,9.878845616834488
328,Spital Schwyz,Waldeggstrasse 10,6430 Schwyz,Ja,Ja,,Ja,109.0,4.0,2.0,2692828.954,1207929.869,261167.0,SZ,1372,Schwyz,47.01592139745482,8.659567342039304
329,Spital Thun-Simmental-Saanenland AG - Spital Thun,Krankenhausstrasse 12,3600 Thun,Ja,,,Ja,223.0,8.0,,2614775.0719999997,1178863.42,9006133.0,BE,942,Thun,46.760790464975656,7.632037604000114
330,Spital Thurgau AG Klinik St. Katharinental,St. Katharinental,8253 Diessenhofen,,Ja,,,61.0,,,2697508.0,1283128.0,,TG,4545,Diessenhofen,47.69150999060865,8.737468839100169
331,Spital Thurgau AG Psychiatrische Klinik Münsterlingen,Seeblickstrasse 3,8596 Münsterlingen,,,Ja,,,,,2734904.1739999996,1277336.264,400050441.0,TG,4691,Münsterlingen,47.632801410107774,9.233686643033526
332,Spital Thusis,Alte Strasse 31,7430 Thusis,Ja,,,,43.0,2.0,2.0,2752821.1980000003,1173705.108,9028232.0,GR,3668,Thusis,46.697049350845866,9.436877831917077
333,Spital und RehaClinic Zollikerberg,Trichtenhauser Strasse 20,8125 Zollikerberg,Ja,Ja,,Ja,200.0,6.0,,2687599.068,1244883.28,81767.0,ZH,161,Zollikon,47.34898220959113,8.597971644737987
334,Spital Uster,Brunnenstrasse 42,8610 Uster,Ja,,,Ja,207.0,5.0,4.0,2697111.015,1245549.428,9072057.0,ZH,198,Uster,47.35364031748963,8.723982240672154
335,Spital Wallis - Spitalzentrum Oberwallis (SZO) - Spital Brig,Spitalstrasse 7,3900 Brig,Ja,Ja,Ja,,,,,2641824.0,1129802.0,890167.0,VS,6002,Brig-Glis,46.31831905013254,7.981653139519973
336,Spital Wallis - Spitalzentrum Oberwallis (SZO) - Spital Visp,Pflanzettastrasse 8,3930 Visp,Ja,,,Ja,261.0,5.0,,2634308.027,1126375.162,959033.0,VS,6297,Visp,46.287918419570445,7.88382188945034
337,Spital Zofingen AG,Mühlethalstrasse 27,4800 Zofingen,Ja,,,,78.0,4.0,,2638476.3880000003,1238501.676,623321.0,AG,4289,Zofingen,47.296280856934786,7.947331221282839
338,Spitäler FMI AG - Spital Frutigen,Adelbodenstrasse 27,3714 Frutigen,Ja,,,,54.0,2.0,,2615509.514,1159208.125,1337344.0,BE,563,Frutigen,46.583965194849625,7.6409902695903025
339,Spitäler FMI AG - Spital Interlaken,Weissenaustrasse 27,3800 Unterseen,Ja,,Ja,Ja,148.0,5.0,,2630940.576,1170051.033,1350976.0,BE,593,Unterseen,46.6809668358328,7.8430434728487715
340,Spitäler Schaffhausen,Geissbergstrasse 81,8208 Schaffhausen,Ja,Ja,Ja,Ja,262.0,5.0,2.0,2689975.29,1285228.885,1613106.0,SH,2939,Schaffhausen,47.71147956568903,8.637573742065786
341,Spitalregion Fürstenland Toggenburg - Spital Wattwil,Steig 3303,9630 Wattwil,Ja,,Ja,,,,,2724421.4069999997,1239878.039,2223162.0,SG,3379,Wattwil,47.298051114200675,9.083792750276155
342,Spitalregion Fürstenland Toggenburg - Spital Wil,Fürstenlandstrasse 32,9500 Wil,Ja,,,,,,,2722052.465,1258436.136,1061982.0,SG,3427,Wil (SG),47.46537393017358,9.057541272063904
343,Spitalregion Rheintal Werdenberg Sarganserland - Spital Altstätten,F.-Marolanistrasse 6,9450 Altstätten,Ja,,,,,,,2758717.915,1250134.581,1092892.0,SG,3251,Altstätten,47.38290913428019,9.540719085224342
344,Spitalregion Rheintal Werdenberg Sarganserland - Spital Grabs,Spitalstrasse 44,9472 Grabs,Ja,,,Ja,,,,2752361.577,1226781.741,1766622.0,SG,3273,Grabs,47.17443264503183,9.448649107835468
345,Spitalregion Rheintal Werdenberg Sarganserland - Spital Walenstadt,Spitalstrasse 5,8880 Walenstadt,Ja,,,,,,,2742057.3189999997,1220595.8159999999,2206780.0,SG,3298,Walenstadt,47.121101625078495,9.310817239735837
346,Spitalverbund AR Psychiatrisches Zentrum,Krombach 3,9100 Herisau,,,Ja,,,,,2737859.08,1249951.771,491902.0,AR,3001,Herisau,47.38596192786898,9.264511458076953
347,Spitalverbund AR Spital Heiden,Werdstrasse 1a,9410 Heiden,Ja,,,,,,,2757821.643,1256756.797,501055.0,AR,3032,Heiden,47.44266443316806,9.531193391654625
348,Spitalverbund AR Spital Herisau,Spitalstrasse 6,9100 Herisau,Ja,,,Ja,,,,2739219.1210000003,1250181.924,190095701.0,AR,3001,Herisau,47.3877453103528,9.282589658415528
349,Spitalzentrum Biel,Vogelsang 84,2502 Biel/Bienne,Ja,Ja,,Ja,252.0,5.0,,2585285.153,1221786.258,1754553.0,BE,371,Biel/Bienne,47.146884785465126,7.244625177978766
350,SRO Spital Region Oberaargau AG - Langenthal,St. Urbanstrasse 67,4900 Langenthal,Ja,,Ja,Ja,,,,2626928.557,1229527.001,1261687.0,BE,329,Langenthal,47.21612992942151,7.794120728959729
351,SRO Spital Region Oberaargau AG - Psychiatrische Station Niederbipp,Anternstrasse 24,4704 Niederbipp,,,Ja,,,,,2618713.255,1235721.877,1449187.0,BE,981,Niederbipp,47.27213307680651,7.685925555905298
352,St. Claraspital,Kleinriehenstrasse 30,4058 Basel,Ja,,,Ja,229.0,7.0,,2613160.67,1268427.9479999999,456170.0,BS,2701,Basel,47.56642840586311,7.613506268909031
353,Stadtspital Triemli,Birmensdorferstrasse 497,8055 Zürich,Ja,,,Ja,467.0,11.0,6.0,2679987.693,1246664.683,146960.0,ZH,261,Zürich,47.36597068187519,8.497568429187023
354,Stadtspital Waid,Tièchestrasse 99,8037 Zürich,Ja,,,Ja,261.0,5.0,,2681671.897,1250340.275,166247.0,ZH,261,Zürich,47.3988201182716,8.520533359580263
355,Suchtbehandlung Frankental,Frankentalerstrasse 55,8049 Zürich,,,Ja,,,,,2678391.691,1251264.952,164237.0,ZH,261,Zürich,47.40753466818126,8.47724771942389
356,südhang Klinik für Suchttherapien,Südhang 1,3038 Kirchlindach,,,Ja,,,,,2597867.0,1205688.0,,BE,354,Kirchlindach,47.00224340702964,7.4105854420105475
357,Swiss Mountain Clinic AG,Strada Cantonale 53,6540 Castaneda,,Ja,,,,,,2730997.6969999997,1124502.074,1195589.0,GR,3805,Castaneda,46.259185999846736,9.137686120989281
358,Tertianum AG,Seminarstrasse 28,8057 Zürich,,Ja,,,,,,2682912.942,1249701.25,2371693.0,ZH,261,Zürich,47.39291810572469,8.536852902350917
359,"Tgea Sulegl Rehaklinik & Kurhaus, Reha Andeer",Veia Granda 12,7440 Andeer,,Ja,,,18.0,,,2752283.349,1163326.6570000001,3122515.0,GR,3701,Andeer,46.60384264156411,9.42641016467917
360,Therapiezentrum Meggen,Rütliweg 1,6045 Meggen,,,Ja,,,,,2670427.7909999997,1211450.072,216317.0,LU,1063,Meggen,47.05034022573512,8.36551374055133
361,Thurklinik AG,Bahnhofstrasse 123a,9244 Niederuzwil,Ja,Ja,,,19.0,2.0,,2728432.8230000003,1256265.857,2229744.0,SG,3408,Uzwil,47.4446439454564,9.141520284327072
362,Uniklinik Balgrist,Forchstrasse 340,8008 Zürich,Ja,Ja,,,151.0,7.0,,2685887.861,1245304.136,2369412.0,ZH,261,Zürich,47.35299229339173,8.575408246042297
363,Universitäre Psychiatrische Dienste Bern (UPD),Bolligenstrasse 111,3072 Ostermundigen,,,Ja,,,,,2603193.731,1201586.175,1238808.0,BE,351,Bern,46.965343330544,7.480596551646244
364,"Universitäre Psychiatrische Dienste Bern (UPD), Gemeindepsychiatrisches Zentrum Bern West",Morgenstrasse 83,3018 Bern,,,Ja,,,,,2596577.116,1198577.172,2244519.0,BE,351,Bern,46.93827497574769,7.393679952903071
365,"Universitäre Psychiatrische Dienste Bern (UPD), Uniklinik Murtenstrasse",Murtenstrasse 21,3008 Bern,,,Ja,,,,,2599032.585,1199758.85,1232819.0,BE,351,Bern,46.94891277508565,7.425924892989097
366,Universitäre Psychiatrische Kliniken Basel (UPK),Wilhelm Klein-Strasse 27,4056 Basel,,,Ja,,,,,2609582.147,1268950.7,453920.0,BS,2701,Basel,47.57119149718251,7.565964533280618
367,Universitäts-Kinderspital beider Basel (UKBB),Spitalstrasse 33,4031 Basel,Ja,,,Ja,120.0,4.0,,2610785.0,1268112.0,,BS,2701,Basel,47.563629967007415,7.581929746955448
368,Universitätsspital Basel,Hebelstrasse 32,4031 Basel,Ja,,,Ja,721.0,22.0,5.0,2610749.972,1267825.435,2082734.0,BS,2701,Basel,47.56105326277272,7.581457414423764
369,Universitätsspital Zürich,Rämistrasse 100,8006 Zürich,Ja,,,Ja,900.0,32.0,8.0,2683868.298,1247900.834,155061.0,ZH,261,Zürich,47.37660543166179,8.549167969714995
370,Uroviva Klinik für Urologie,Zürichstrasse 5,8180 Bülach,Ja,,,,16.0,2.0,,2683139.878,1263332.8020000001,201001512.0,ZH,53,Bülach,47.51547994211249,8.542397960982875
371,Venenklinik Bellevue,Brückenstrasse 9,8280 Kreuzlingen,Ja,,,,16.0,2.0,,2729982.229,1279528.42,3160465.0,TG,4671,Kreuzlingen,47.653505915874085,9.168859091007699
372,Von Effinger-Stiftung Klinik im Hasel für Suchtkranke,Hasel 837,5046 Schmiedrued,,,Ja,,,,,2651783.0,1235319.0,,AG,4135,Gontenschwil,47.26674598700088,8.122886432218785
373,Zentrum Hard,Römerweg 51,8424 Embrach,,,Ja,,,,,2686332.0110000004,1264357.553,210218249.0,ZH,56,Embrach,47.5242838163187,8.584969928026185
374,Zuger Kantonsspital AG,Landhausstrasse 11,6340 Baar,Ja,,,Ja,164.0,5.0,3.0,2681779.913,1227601.892,190717869.0,ZG,1701,Baar,47.19430673095844,8.517821908496183
375,Zürcher RehaZentrum Davos,Klinikstrasse 6,7272 Davos Clavadel,,Ja,,,100.0,,,2781524.9469999997,1182499.9340000001,1200308.0,GR,3851,Davos,46.768932961014706,9.815471495984458
376,Zürcher RehaZentrum Wald,Faltigbergstrasse 7,8636 Wald (ZH),,Ja,,,144.0,,,2713841.7369999997,1237256.495,9006651.0,ZH,120,Wald (ZH),47.27638654182191,8.943273969487587
